,Note,REMARK,Ref# ID,Portals,Order No.,Buyer Name,Picture,Order Date,Quantity,COTTON/JUTE,SIZE,Tassel/Fringes,Expected date,Status,HOLD/ CANCELLED DATE,Dispatch Date,SKU,Photos,Buyer Address,Contact No.,Email ID,City ,State Name ,ZIP CODE / POSTAL CODE,Country ,Sale Amount In USD,CHECK BY,CHECKED BY SIR,Papper issue date,,,DDP MODE PAYMENT
3947761851,"

Rug Stoppers included


",Top Urgent,RFMK-280,ETSY -MKM HOMES CRAFT,3932014420,Norma ,,5-January-2026,1,COTTON DHURRIE,2.6x20 Feet Runner,Yes,7-January-2026,DISPATCHED,,3-Apr-25,HP-259,Website,"Norma Santoyo
25 Water Lily Ct
RENO, NV 89511
United States",7756849701,normas7569@msn.com,Reno,Nevada (NV),89511,United States,$219.70,PRITI,,,COTTON DHURRIE-HP-259-2.6x20 Feet Runner,,$24.13
"IM3720000224,","

Rug Stoppers included


Light Gray, White",Top Urgent,RFMK-281,ETSY -MKM HOMES CRAFT,3937001968,Martina,,9-January-2026,1,COTTON DHURRIE,100 cm x 170 cm,Yes,13-January-2026,DISPATCHED,,19-Jan-26,HP-161-CUSTOM COLOR,Website,"martina viol
Kennedystrasse 51
63303 DREIEICH
Germany",4915125263564,mviol@aol.com,Dreieich,Hesse (Hessen),63303,Germany,$102.70,PRITI,,,COTTON DHURRIE-HP-161-CUSTOM COLOR-100 cm x 170 cm,,
DDP MODE   3948510184,"

Rug Stoppers included
",Top Urgent,RFMK-282,ETSY -MKM HOMES CRAFT,3947792461,Luke,,13-January-2026,1,COTTON DHURRIE,2.6x24 Feet Runner,Yes,17-January-2026,DISPATCHED,,22-Jan-26,MKM-18,Website,"Luke Lourigan
5 W 93rd St
NEW YORK, NY 10025-7602
United States",610-952-0468,lglourigan@gmail.com,New York,New York (NY),10025-7602,United States,$259.35,PRITI,,,COTTON DHURRIE-MKM-18-2.6x24 Feet Runner,,$56.00
DDP MODE 3951217187           ,"

Rug Stoppers included
",Top Urgent             CURP is KEXJ670620HNESXF05. ,RFMK-283,ETSY -MKM HOMES CRAFT,3944965402,Jeffrey ,,16-January-2026,1,JUTE DHURRIE,7x7 Feet Round,No,21-January-2026,DISPATCHED,,24-Jan-26,VI-42A,Dispatch,"Jeffrey Kessell - Apt. 2
80 Alfonso Reyes
Hipódromo Condesa
06170 CIUDAD DE MÉXICO, DF
Mexico",52 559-163-7499,kessellJeffrey@gmail.com,Ciudad de México,Ciudad de México (CDMX / Distrito Federal),6170,Mexico,$281.45,PRITI,,,JUTE DHURRIE-VI-42A-7x7 Feet Round,,$52.35
Express Shipping,"

Rug Stoppers included
",Top Urgent,RFMK-284,ETSY -MKM HOMES CRAFT,3953295583,Nicholas Turner,,19-January-2026,1,COTTON DHURRIE,2x4 Feet,Yes,25-January-2026,DISPATCHED,,27-Jan-26,HGD-161E,Dispatch,"Nicholas Turner
1526 W. Fargo Avenue
3D
CHICAGO, IL 60626
United States",331-625-9659,n.turn4@gmail.com,Chicago,"1526 W. Fargo Avenue
3D",60626,United States,$45.50,Divyanshi,,,COTTON DHURRIE-HGD-161E-2x4 Feet,,
Express Delivery,"

Rug Stoppers included
",Top Urgent,RFMK-285 1/2,ETSY -MKM HOMES CRAFT,3952985477,William Johnson,,19-January-2026,1,COTTON DHURRIE,2x3 Feet,No,25-January-2026,DISPATCHED,,28-Jan-26,MR-18,Dispatch,"William Johnson
5 Woodbury Ct
HAMILTON, OH 45013-6314
United States",5138965962,BigJohnson1760@yahoo.com,Hamilton,"5 Woodbury Ct
Hamilton, OH 45013-6314",45013-6314,United States,$42.25,Divyanshi,,,COTTON DHURRIE-MR-18-2x3 Feet,,
Express Delivery,"

Rug Stoppers included
",Top Urgent,RFMK-285 2/2,ETSY -MKM HOMES CRAFT,3952985477,William Johnson,,19-January-2026,1,COTTON DHURRIE,2x4 Feet,No,25-January-2026,DISPATCHED,,28-Jan-26,MR-18,Dispatch,"William Johnson
5 Woodbury Ct
HAMILTON, OH 45013-6314
United States",5138965962,BigJohnson1760@yahoo.com,Hamilton,"5 Woodbury Ct
Hamilton, OH 45013-6314",45013-6314,United States,$45.50,Divyanshi,,,COTTON DHURRIE-MR-18-2x4 Feet,,
,"

Rug Stoppers included
",Top Urgent,RFMK-286,ETSY -MKM HOMES CRAFT,3949182358,suzy reynolds,,20-January-2026,1,COTTON DHURRIE,4x7 Feet,Yes,26-January-2026,DISPATCHED,,29-Jan-26,HGD-161B,Dispatch,"suay reynolds
1707 N Vassault St Apt 3-5
apt 3-5
TACOMA, WA 98406-2562
United States",(253) 414-2724,saganatt@aol.com,Tacoma,"1707 N Vassault St Apt 3-5
apt 3-5
Tacoma, WA 98406-2562",98406-2562,United States,$117.00,Divyanshi,,,COTTON DHURRIE-HGD-161B-4x7 Feet,,
,"

Rug Stoppers included
",Top Urgent,RFMK-287,ETSY -MKM HOMES CRAFT,3954974505,Karen l bocklet,,21-January-2026,1,COTTON DHURRIE,3x5 Feet,No,27-January-2026,DISPATCHED,,28-Jan-26,MR-18,Dispatch,"Karen l bocklet
750 beach rd.
Apt. 103
Vero beach, FL 32963
United States",7725884310,klb32963@aol.com,Vero beach,"Karen l bocklet
750 beach rd.
Apt. 103
VERO BEACH, FL 32963
United States",32963,United States,$64.35,Divyanshi,,,COTTON DHURRIE-MR-18-3x5 Feet,,
,"

Rug Stoppers included
",Top Urgent,RFMK-288,ETSY -MKM HOMES CRAFT,3950352520,Jen Dyer,,22-January-2026,1,COTTON DHURRIE,6x8 Feet,No,27-January-2026,DISPATCHED,,2-Feb-26,HP-210,Dispatch,"Jen Dyer
9 Dallam Avenue
Shipley
BRADFORD, Select BD18 4PB
United Kingdom",44 07846121880,jen_dyer@hotmail.com,Bradford,"9 Dallam Avenue
Shipley
Bradford, Select BD18 4PB", BD18 4PB,"
United Kingdom",$201.50,Divyanshi,,,COTTON DHURRIE-HP-210-6x8 Feet,,
,"

Rug Stoppers included
",Top Urgent,RFMK-289,ETSY -MKM HOMES CRAFT,3950256250,Vanina Gaillard,,22-January-2026,1,COTTON DHURRIE,4x4 Ft Square,No,27-January-2026,DISPATCHED,,30-Jan-26,HP-288,Dispatch,"Grand'Rue 8
1433 Suchy
Switzerland
0792841505",41792841505,gaillard.v@vtxnet.ch,Switzerland,"Vanina Gaillard
Grand&#39;Rue 8
1433 Suchy
Switzerland",1433,Switzerland,$71.50,Divyanshi,,,COTTON DHURRIE-HP-288-4x4 Ft Square,,
,"

Rug Stoppers included
",Top Urgent,RFMK-290,ETSY -MKM HOMES CRAFT,3956300197,Christiane Winands,,23-January-2026,1,COTTON DHURRIE,5x7 Feet,Yes,28-January-2026,DISPATCHED,,2-Feb-26,MKM-02,Dispatch,"Christiane Winands
Am Heller 6
Liensfeld
23715 BOSAU
Germany",1629226576,C.Winands@gmx.de,Liensfeld,"Am Heller 6
Liensfeld
23715 Bosau
Germany",23715,Germany,$149.50,Divyanshi,,,COTTON DHURRIE-MKM-02-5x7 Feet,,
DDP MODE,"

Rug Stoppers included
",Top Urgent,RFMK-291,ETSY -MKM HOMES CRAFT,3957156139,Candice Angotti,,24-January-2026,1,COTTON DHURRIE,3x5 Feet,Yes,31-January-2026,DISPATCHED,,2-Feb-26,JHGD-02A,website,"Candice Angotti
20 Chestnut St
Apt 907
Wyandotte, MI 48192-5243
United States",313-400-2806,candiceangotti@gmail.com,Wyandotte,Michigan (MI),48192-5243,United States,$40.30,SAIJAL,,,COTTON DHURRIE-JHGD-02A-3x5 Feet,,
,"

Rug Stoppers included
",Top Urgent,RFMK-292,ETSY -MKM HOMES CRAFT,3957466196,Katie Trousdale,,29-January-2026,1,COTTON DHURRIE,3x5 Feet,Yes,2-February-2026,DISPATCHED,,4-Feb-26,MKM-MR-18,dispatch,"Katherine Trousdale
10647 Sterling Dr
Saint Paul, MN 55129
United States",5072696188,trousdale.katherine@yahoo.com,Saint Paul,Minnesota (MN),55129,United States,$64.35,SAIJAL,,,COTTON DHURRIE-MKM-MR-18-3x5 Feet,,
,"

Rug Stoppers included
",Top Urgent   Replacement Order RFMK-249,RFMK-293,ETSY -MKM HOMES CRAFT,3860056164,Avon Kendrick,,29-January-2026,1,COTTON DHURRIE,3x12 Ft Runner,No,2-February-2026,DISPATCHED,,5-Feb-26,MKM-HP-59D,dispatch,"Avon kendrick
12574 Montellano Terrace
SAN DIEGO, CA 92130
United States",949 310 8227,avon_kendrick@yahoo.com,San Diego,California,92130,United States,$252.67,SAIJAL,,,COTTON DHURRIE-MKM-HP-59D-3x12 Ft Runner,,
,"

Rug Stoppers included
",Top Urgent,RFMK-294,ETSY -MKM HOMES CRAFT,3959852078,mallory paquin,,31-January-2026,1,COTTON DHURRIE,2x4 Feet,No,4-February-2026,DISPATCHED,,5-Feb-26,MKM-MR-18,dispatch,"Mallory Paquin
2517 Farrier Place
OWENSBORO, KY 42301
United States",2244567641,malpaquin14@gmail.com,Owensboro,Kentucky (KY),42301,United States,$45.50,SAIJAL,,,COTTON DHURRIE-MKM-MR-18-2x4 Feet,,
,"

Rug Stoppers included
",Top Urgent,RFMK-295,ETSY -MKM HOMES CRAFT,3966396337,Burcu Emec,,2-February-2026,1,COTTON DHURRIE,2x8 Ft Runner,No,7-February-2026,DISPATCHED,,12-Feb-26,MKM-HP-112-R,dispatch,"Burcu Emec
1-48A Dewson Street
Toronto ON M6H 1G7
Canada",416 474 5509,burcu.emec@gmail.com,Toronto,Ontario (ON),M6H 1G7,Canada,$74.75,SAIJAL,,,COTTON DHURRIE-MKM-HP-112-R-2x8 Ft Runner,,
106,"

Rug Stoppers included
",Top Urgent,RFMK-296,ETSY -MKM HOMES CRAFT,3964233550 / 3974309413,Nicole Camara,,4-February-2026,1,COTTON DHURRIE,9x12 Feet,No,9-February-2026,DISPATCHED,,12-Feb-26 / 12-Feb-26,MKM-HP-272,Website,"Nicole Camara
75 Angell Ave
North Providence, RI 02911
United States
(401) 864-4914",1-401-864-4914,nacamara@gmail.com,North Providence,Rhode Island (RI),2911,United States,$454.35,SAIJAL,,,COTTON DHURRIE-MKM-HP-272-9x12 Feet,,
,"

Rug Stoppers included
",Top Urgent,RFMK-297,ETSY -MKM HOMES CRAFT,3968900715,Andrew McDonagh,,5-February-2026,1,JUTE DHURRIE,2x3 Feet,No,10-February-2026,DISPATCHED,,7-Feb-26,MKM-VI-68G,dispatch,"Chelsey Mims
804 Fleming St
Columbia, TN 38401
United States",7814392686,afaxmcd@gmail.com,Columbia,Tennessee (TN),38401,United States,$67.60,SAIJAL,,,JUTE DHURRIE-MKM-VI-68G-2x3 Feet,,
14.5,"

Rug Stoppers included
",Top Urgent,RFMK-298-1/2,ETSY -MKM HOMES CRAFT,3966006664 / 3966581892,Georgina Bartlett,,6-February-2026,1,COTTON DHURRIE,2x4 Feet,Yes,11-February-2026,DISPATCHED,,13-Feb-26 / 13-Feb-26,MKM-MR-11,dispatch,"Georgina Prineppi
Rose Cottage
High Street
Abingdon, OXFORDSHIRE OX13 5DU
United Kingdom",44 7491800665,gprineppi@gmail.com,Abingdon,Oxfordshire,OX13 5DU,United Kingdom,$42.00,SAIJAL,,,COTTON DHURRIE-MKM-MR-11-2x4 Feet,,
14.5,"

Rug Stoppers included
",Top Urgent,RFMK-298-2/2,ETSY -MKM HOMES CRAFT,3966006664 / 3966581892,Georgina Bartlett,,6-February-2026,1,COTTON DHURRIE,5x7 Feet,Yes,11-February-2026,DISPATCHED,,13-Feb-26 /  13-Feb-26,MKM-MR-11,dispatch,"Georgina Prineppi
Rose Cottage
High Street
Abingdon, OXFORDSHIRE OX13 5DU
United Kingdom",44 7491800665,gprineppi@gmail.com,Abingdon,Oxfordshire,OX13 5DU,United Kingdom,$138.00,SAIJAL,,,COTTON DHURRIE-MKM-MR-11-5x7 Feet,,
,"

Rug Stoppers included
",Top Urgent,RFMK-299-1/2,ETSY -MKM HOMES CRAFT,3974006377,Noelle,,10-February-2026,1,COTTON DHURRIE,3x5 Feet,Yes,15-February-2026,DISPATCHED,,17-Feb-26,MKM- STK-36,dispatch,"Noelle Wagner
3206 Sumac St
Fort Collins, CO 80526-1072
United States
9705188438",9705188438,noellewagner4@aol.com,Fort Collins,Colorado (CO),80526-1072,United States,$59.40,SAIJAL,,,COTTON DHURRIE-MKM- STK-36-3x5 Feet,,
,"

Rug Stoppers included
",Top Urgent,RFMK-299-2/2,ETSY -MKM HOMES CRAFT,3974006377,Noelle,,10-February-2026,1,COTTON DHURRIE,3x5 Feet,Yes,15-February-2026,DISPATCHED,,17-Feb-26,MKM-HGD-161E,Website,"Noelle Wagner
3206 Sumac St
Fort Collins, CO 80526-1072
United States
9705188438",9705188438,noellewagner4@aol.com,Fort Collins,Colorado (CO),80526-1072,United States,$59.40,SAIJAL,,,COTTON DHURRIE-MKM-HGD-161E-3x5 Feet,,
,"

Rug Stoppers included
",Top Urgent,RFMK-300,ETSY -MKM HOMES CRAFT,3972395450,Loveday Luxmoore-Hutton,,13-February-2026,1,COTTON DHURRIE,3x5 Feet,Yes,18-February-2026,DISPATCHED,,23-Feb-26,MKM-JHGD-04,dispatch,"Loveday Luxmoore-Hutton
Needle Cottage
28 Chilton Road
Aylesbury, Buckinghamshire HP18 9BU
United Kingdom
07972086030",7972086030,lovedayluxmoore@hotmail.com,Aylesbury,Buckinghamshire,HP18 9BU,United Kingdom,$64.35,SAIJAL,,,COTTON DHURRIE-MKM-JHGD-04-3x5 Feet,,
,"

Rug Stoppers included
",Top Urgent,RFMK-301,ETSY -MKM HOMES CRAFT,3976237933,Janet Nord,,13-February-2026,1,CHINDI COTTON-JUTE DHURRIE,2x4 Feet,No,18-February-2026,DISPATCHED,,17-Feb-26,MKM-VI-69,dispatch,"Janet Nord
5824 N Cosworth Pl
Boise, ID 83713-1262
United States
(619)888-3594",6198883594,janetnord@gmail.com,Boise,Idaho (ID),83713-1262,United States,$73.63,SAIJAL,,,CHINDI COTTON-JUTE DHURRIE-MKM-VI-69-2x4 Feet,,
,"

Rug Stoppers included
",Top Urgent,RFMK-302,ETSY -MKM HOMES CRAFT,3975190696,Sabrina Rohm,,16-February-2026,1,COTTON DHURRIE,5x5 Ft Square,Yes,21-February-2026,DISPATCHED,,23-Feb-26,MKM-JHGD-04,dispatch,"Sabrina Rohm
Pillichsdorfer Straße 40
2203 EIBESBRUNN
Austria",69916010058,sabrina.rohm@gmx.at,Eibesbrunn,Austria,2203,AUSTRIA,$104.00,divyanshi,,,COTTON DHURRIE-MKM-JHGD-04-5x5 Ft Square,,
,"

Rug Stoppers included
",Top Urgent,RFMK-303,ETSY -MKM HOMES CRAFT,3981633233,Molly Horsley Frost,,20-February-2026,1,CHINDI-COTTON DHURRIE,4x4 Feet Round,No,26-February-2026,DISPATCHED,,28-Feb-26,MKM-NF-01,dispatch,"Molly Horsley Frost
4 Church Street
Hayfield
High Peak, DERBY SK22 2JE
United Kingdom",7917354101,mollyhfrost@gmail.com,Hayfield,Derbyshire (DERBY),SK22 2JE,United Kingdom,$117.65,SAIJAL,,,CHINDI-COTTON DHURRIE-MKM-NF-01-4x4 Feet Round,,
DDP,"

Rug Stoppers included
",Top Urgent,RFMK-304-1/2,ETSY -MKM HOMES CRAFT,3978865490 / 3983282478,Alyssa,,20-February-2026,1,COTTON DHURRIE,5x7 Feet,Yes,24-February-2026,DISPATCHED,,26-Feb-26 / ,MKM-MR-18,dispatch,"Alyssa Parker
77 Coniston Avenue
Oxford, England OX3 0AW
United Kingdom",44 7380 324916,alyssaclaire31@gmail.com,Oxford,England,OX3 0AW,United Kingdom,$138.00,SAIJAL,,,COTTON DHURRIE-MKM-MR-18-5x7 Feet,,$15.00
DDP,"

Rug Stoppers included
",Top Urgent,RFMK-304-2/2,ETSY -MKM HOMES CRAFT,3978865490,Alyssa,,20-February-2026,1,COTTON DHURRIE,4x6 Ft,Yes,24-February-2026,DISPATCHED,,26-Feb-26,MKM-MR-09,dispatch,"Alyssa Parker
77 Coniston Avenue
Oxford, England OX3 0AW
United Kingdom",44 7380 324916,alyssaclaire31@gmail.com,Oxford,England,OX3 0AW,United Kingdom,$93.00,SAIJAL,,,COTTON DHURRIE-MKM-MR-09-4x6 Ft,,$15.00
,"

Rug Stoppers included
",Top Urgent,RFMK-305,ETSY -MKM HOMES CRAFT,3983331491,Julia Batuner,,21-February-2026,1,COTTON DHURRIE,4x7 Feet,No,25-February-2026,DISPATCHED,,6-Mar-26,MKM-HP-20,dispatch,"Julia Batuner
15-2775 Kawakawa st
Pahoa, HI 96778
United States",,yulahn@gmail.com,Pahoa,Hawaii (HI),96778,United States,$117.00,SAIJAL,,,COTTON DHURRIE-MKM-HP-20-4x7 Feet,,
,"

Rug Stoppers included
",Top Urgent,RFMK-306 1/2,ETSY -MKM HOMES CRAFT,3982121944,Emily Cure Merrifield,,23-February-2026,1,COTTON DHURRIE,2X5 Feet,Yes,28-February-2026,DISPATCHED,,6-Mar-26,MKM-MR-11,dispatch,"Emily Cure Merrifield
33 Bonney Briar Dr
PLYMOUTH, MA 02360-6206
United States",518-878-9231 ,timmerrifield026@gmail.com,Plymouth,Massachusetts,02360-6206,United States,$91.50,divyanshi,,,COTTON DHURRIE-MKM-MR-11-2X5 Feet,,
,"

Rug Stoppers included
",Top Urgent,RFMK-306 2/2,ETSY -MKM HOMES CRAFT,3982121944,Emily Cure Merrifield,,23-February-2026,1,COTTON DHURRIE,2x18 Feet Runner,No,28-February-2026,DISPATCHED,,6-Mar-26,MKM-HP-259,dispatch,"Emily Cure Merrifield
33 Bonney Briar Dr
PLYMOUTH, MA 02360-6206
United States",518-878-9231 ,timmerrifield026@gmail.com,Plymouth,Massachusetts,02360-6206,United States,$91.50,divyanshi,,,COTTON DHURRIE-MKM-HP-259-2x18 Feet Runner,,
,"

Rug Stoppers included
",Top Urgent   Quantity:01 (Set Of 15 Pieces),RFMK-307,ETSY -MKM HOMES CRAFT,3982940922,KEan O'BRien,,24-February-2026,1,CHINDI COTTON-JUTE DHURRIE,8x28 Inch,No,2-March-2026,DISPATCHED,,6-Mar-26,MKM-NR-33csr,dispatch,"Kean O'Brien
302 Garnet Lane
Madison, WI 53714
United States",7734699005,kean.obrien@gmail.com,Madison,Wisconsin (WI),53714,United States,$159.25,SAIJAL,,,CHINDI COTTON-JUTE DHURRIE-MKM-NR-33csr-8x28 Inch,,
Ready to stock,"

Rug Stoppers included
",Top Urgent  ,RFMK-308,ETSY -MKM HOMES CRAFT,3983733928,Anna,,25-February-2026,1,COTTON DHURRIE,4x6 Feet,Yes,3-March-2026,DISPATCHED,,6-Mar-26,MKM-MR-11,dispatch,"Gabriele Dannenmann
Bubengasse 53
72147 Nehren
Germany",1784257560,anna.dannenmann@gmx.de,Nehren,Baden-Württemberg,72147,Germany,$93.00,SAIJAL,,,COTTON DHURRIE-MKM-MR-11-4x6 Feet,,
,"

Rug Stoppers included
",Top Urgent  ,RFMK-309,ETSY -MKM HOMES CRAFT,3984883512,Ana Marques,,26-February-2026,1,JUTE DHURRIE,2.6X4 Feet ,No,7-March-2026,DISPATCHED,,6-Mar-26,MKM-VI-20,dispatch,"Ana Marques
11011-B Villaridge Ct.
RESTON, VA 20191
United States",7038656676,ana0898@hotmail.com,Reston,Virginia (VA),20191,United States,$83.62,Divyanshi,,,JUTE DHURRIE-MKM-VI-20-2.6X4 Feet ,,
,"

Rug Stoppers included
",Top Urgent  ,RFMK-310,ETSY -MKM HOMES CRAFT,3987724615,Cornelia Thonhauser,,26-February-2026,1,COTTON DHURRIE,3x16 Feet,No,7-March-2026,DISPATCHED,,6-Mar-26,MKM-STK-10,dispatch,"Cornelia Thonhauser
7655 Hollywood Blvd
Apt 4
LOS ANGELES, CA 90046
United States",480599-0839,lilithpierce001@gmail.com,Los Angeles,California (CA),90046,United States,$205.40,Divyanshi,,,COTTON DHURRIE-MKM-STK-10-3x16 Feet,,
,"

Rug Stoppers included
",Top Urgent  ,RFMK-311,ETSY -MKM HOMES CRAFT,3984302670,Jeremy Keel,,26-February-2026,1,COTTON DHURRIE,10x10 Feet Round,No,3-March-2026,DISPATCHED,,3-Mar-26,MKM-HP-130,dispatch,"Jeremy Keel
3915 Forest Ave
KANSAS CITY, MO 64110
United States",4174253575,jeremy_keel@yahoo.com,Kansas City,Missouri (MO),64110,United States,$422.50,Divyanshi,,,COTTON DHURRIE-MKM-HP-130-10x10 Feet Round,,
"Ready to stock order
 IM3720000224","

Rug Stoppers included
",Top Urgent  ,RFMK-312,ETSY -MKM HOMES CRAFT,3990541275,Andrise Pierre,,2-March-2026,1,COTTON DHURRIE,3x5 Feet,Yes,8-March-2026,DISPATCHED,,14-Mar-26,MKM-STK-49,dispatch,"Andrise Pierre
6 RUELLE SAINT PIERRE
91560 CROSNE
France",33744248336,andrisepierre211@gmail.com,France, CROSNE,91560,France,$60.60,Divyanshi,,,COTTON DHURRIE-MKM-STK-49-3x5 Feet,,
,"

Rug Stoppers included
",Top Urgent  ,RFMK-313 1/2,ETSY -MKM HOMES CRAFT,3987298310,Virginia Tzotzolas,,2-March-2026,1,COTTON DHURRIE,2.6x8 Feet Runner,No,8-March-2026,DISPATCHED,,14-Mar-26,MKM-STK-87,dispatch,"Virginia Tzotzolas
4219 Lee Rd
VICKSBURG, MS 39180
United States",1 601 415-1093,gkirschling@hotmail.com,VICKSBURG,MS,39180,United States,$73.00,Divyanshi,,,COTTON DHURRIE-MKM-STK-87-2.6x8 Feet Runner,,
,"

Rug Stoppers included
",Top Urgent  ,RFMK-313 2/2,ETSY -MKM HOMES CRAFT,3987298310,Virginia Tzotzolas,,2-March-2026,1,COTTON DHURRIE,3x5 Feet,No,8-March-2026,DISPATCHED,,14-Mar-26,MKM-EMD-14,dispatch,"Virginia Tzotzolas
4219 Lee Rd
VICKSBURG, MS 39180
United States",,gkirschling@hotmail.com,VICKSBURG,MS,39180,United States,$73.00,Divyanshi,,,COTTON DHURRIE-MKM-EMD-14-3x5 Feet,,
370 6004 28,"

Rug Stoppers included
",Top Urgent  ,RFMK-314 1/2,ETSY -MKM HOMES CRAFT,3990812206,Niki Clear,,5-March-2026,1,COTTON DHURRIE,4x4 Feet Round,No,10-March-2026,DISPATCHED,,11-Mar-26,MKM-STK-110,dispatch,"Niki Clear
Tigh Allt Darach
Kilchoan
ACHARACLE, Highlands PH36 4LH
United Kingdom",,nikiclear1@gmail.com,Acharacle,Highlands, PH36 4LH,United Kingdom,$66.00,Divyanshi,,,COTTON DHURRIE-MKM-STK-110-4x4 Feet Round,,
,"

Rug Stoppers included
",Top Urgent  ,RFMK-314 2/2,ETSY -MKM HOMES CRAFT,3990812206,Niki Clear,,5-March-2026,1,COTTON DHURRIE,4x4 Feet Round,No,10-March-2026,DISPATCHED,,11-Mar-26,MKM-STK-111,dispatch,"Niki Clear
Tigh Allt Darach
Kilchoan
ACHARACLE, Highlands PH36 4LH
United Kingdom",,nikiclear1@gmail.com,Acharacle,Highlands, PH36 4LH,United Kingdom,$66.00,Divyanshi,,,COTTON DHURRIE-MKM-STK-111-4x4 Feet Round,,
,"

Rug Stoppers included
",Top Urgent  ,RFMK-315,ETSY -MKM HOMES CRAFT,4000831457,JA Barbour,,13-March-2026,1,COTTON DHURRIE,3x5 Feet,No,17-March-2026,DISPATCHED,,19-Mar-26,MKM-HP-187,dispatch,"JA Barbour
3380 S Birch St
DENVER, CO 80222
United States",,zippitee@aol.com,"DENVER,", CO ,80222,United States,$64.35,Divyanshi,,,COTTON DHURRIE-MKM-HP-187-3x5 Feet,,
,"

Rug Stoppers included
",Top Urgent  ,RFMK-316,ETSY -MKM HOMES CRAFT,3998131334,Patrice Hosford,,13-March-2026,1,COTTON DHURRIE,2x8 Ft Runner,Yes,16-March-2026,DISPATCHED,,18-Mar-26,MKM-HGD-161E,dispatch,"Patrice Hosford
2331 York Rd
Ste 200
TIMONIUM, MD 21093-2249
United States",914-552-1843,pmodonnell24@gmail.com,Timonium,MD ,21093-2249,United States,$74.75,Divyanshi,,,COTTON DHURRIE-MKM-HGD-161E-2x8 Ft Runner,,
,"

Rug Stoppers included
",Top Urgent  ,RFMK-317 1/3,ETSY -MKM HOMES CRAFT,4002526545,KEan O'BRien,,14-March-2026,1,JUTE DHURRIE,2.5x3 Feet Runner,No,18-March-2026,DISPATCHED,,21-Mar-26,MKM-NR-196,dispatch,"Kean O'Brien
302 Garnet Lane
Madison, WI 53714
United States",,kean.obrien@gmail.com,Madison,WI ,53714,United States,$54.00,Riya,,,JUTE DHURRIE-MKM-NR-196-2.5x3 Feet Runner,,
,"

Rug Stoppers included
",Top Urgent  ,RFMK-317 2/3,ETSY -MKM HOMES CRAFT,4002526545,KEan O'BRien,,14-March-2026,1,COTTON DHURRIE,4x6 Ft,Yes,18-March-2026,DISPATCHED,,21-Mar-26,MKM-STK-26E,dispatch,"Kean O'Brien
302 Garnet Lane
Madison, WI 53714
United States",,kean.obrien@gmail.com,Madison,WI ,53714,United States,$93.00,Riya,,,COTTON DHURRIE-MKM-STK-26E-4x6 Ft,,
,"

Rug Stoppers included
",Top Urgent  ,RFMK-317 3/3,ETSY -MKM HOMES CRAFT,4002526545,KEan O'BRien,,14-March-2026,1,COTTON DHURRIE,4x6 Ft,Yes,18-March-2026,DISPATCHED,,21-Mar-26,MKM-HP-60,dispatch,"Kean O'Brien
302 Garnet Lane
Madison, WI 53714
United States",,kean.obrien@gmail.com,Madison,WI ,53714,United States,$91.80,Riya,,,COTTON DHURRIE-MKM-HP-60-4x6 Ft,,
,"

Rug Stoppers included
",Top Urgent  ,RFMK-318,ETSY -MKM HOMES CRAFT,4001883702,Maeve bowen,,16-March-2026,1,COTTON DHURRIE,3x20 ft Runner,Yes,20-March-2026,DISPATCHED,,24-Mar-26,MKM-HP-110,dispatch,"Maeve bowen
The Farmhouse
Killehagh
BELGOOLY
Co. Cork
P17 C590
Ireland",3868384565,bowenmaeve@gmail.com,Belgooly,Co. Cork,P17 C590,Ireland,$253.50,Riya,,,COTTON DHURRIE-MKM-HP-110-3x20 ft Runner,,
,"

Rug Stoppers included
",CANCELLED ,RFMK-319,ETSY -MKM HOMES CRAFT,4007906245,"	
Sophie Fourteau",,20-March-2026,1,COTTON DHURRIE,5x8 Feet,No,30-March-2026,CANCELLED,23/03/2026,,MKM-HGD-161E,Website,"Sophie Fourteau
42 Clanricarde gardens
Flat 3
LONDON, London W2 4JW
United Kingdom",,smfourteau@gmail.com,london,London,W2 4JW,United Kingdom,$169.00,Riya,,,COTTON DHURRIE-MKM-HGD-161E-5x8 Feet,,
,"

Rug Stoppers included
",Top Urgent  ,RFMK-320-1/2,ETSY -MKM HOMES CRAFT,4010854235,"        
cherrie mccullough",,23-March-2026,2,CHINDI COTTON-JUTE DHURRIE,2x3 Feet,No,31-March-2026,DISPATCHED,,1-Apr-26,MKM-NR-196,Website,"cherrie mccullough
69 cooley st.
agawam, MA 01001
United States",,cherrielou471@gmail.com,agawam, MA,1001,United States,$186.62,BHUPENDRA,,,CHINDI COTTON-JUTE DHURRIE-MKM-NR-196-2x3 Feet,,
,"

Rug Stoppers included
",Top Urgent  ,RFMK-320-2/2,ETSY -MKM HOMES CRAFT,4010854235,"        
cherrie mccullough",,23-March-2026,1,CHINDI COTTON-JUTE DHURRIE,2x4 Feet,No,31-March-2026,DISPATCHED,,1-Apr-26,MKM-NR-196,Website,"cherrie mccullough
69 cooley st.
agawam, MA 01001
United States",,cherrielou471@gmail.com,agawam, MA,1001,United States,$186.62,BHUPENDRA,,,CHINDI COTTON-JUTE DHURRIE-MKM-NR-196-2x4 Feet,,
,"

Rug Stoppers included
",Top Urgent  ,RFMK-321,ETSY -MKM HOMES CRAFT,4012039921,"	
Amy Noll",,24-March-2026,1,COTTON DHURRIE,6x6 Feet Round,No,1-April-2026,DISPATCHED,,1-Apr-26,MKM-STK-110,Website,"25 Lee Ave
ASHEVILLE, NC 28804
United States
",,acnoll89@gmail.com,ASHEVILLE, NC,28804,United States,$152.75,BHUPENDRA,,,COTTON DHURRIE-MKM-STK-110-6x6 Feet Round,,
,"

Rug Stoppers included
",Top Urgent  ,RFMK-322,ETSY -MKM HOMES CRAFT,4010580496,Parry Vollucci,,25-March-2026,1,COTTON DHURRIE,3x5 Feet,No,2-April-2026,DISPATCHED,,1-Apr-26,MKM-HP-214,Website,"399 Bungy Rd
NORTH SCITUATE, RI 02857
United States",,bowenmaeve@gmail.com,NORTH SCITUATE, RI,2857,United States,$64.35,BHUPENDRA,,,COTTON DHURRIE-MKM-HP-214-3x5 Feet,,
,"

Rug Stoppers included
",Top Urgent  ,RFMK-323-1/2,ETSY -MKM HOMES CRAFT,4014604227,"	
Taylor Spruce",,27-March-2026,1,COTTON DHURRIE,2x6 Ft Runner,No,6-April-2026,DISPATCHED,,3-Apr-26,MKM-HP-259,Website,"1025 Montrose Blvd N
Saint Petersburg, FL 33703-3639
United States",15616462014,tsprucee@gmail.com,"N
Saint Petersburg",FL,33703-3639,United States,$51.00,BHUPENDRA,,,COTTON DHURRIE-MKM-HP-259-2x6 Ft Runner,,
,"

Rug Stoppers included
",Top Urgent  ,RFMK-323-2/2,ETSY -MKM HOMES CRAFT,4014604227,"	
Taylor Spruce",,27-March-2026,1,COTTON DHURRIE,6x9 Feet,No,6-April-2026,DISPATCHED,,3-Apr-26,MKM-MR-07,Website,"1025 Montrose Blvd N
Saint Petersburg, FL 33703-3639
United States",15616462014,tsprucee@gmail.com,"N
Saint Petersburg",FL,33703-3639,United States,$210.00,BHUPENDRA,,,COTTON DHURRIE-MKM-MR-07-6x9 Feet,,
,"

Rug Stoppers included
",Top Urgent  ,RFMK-324,ETSY -MKM HOMES CRAFT,4014197532,Ethan Brown,,29-March-2026,1,COTTON DHURRIE,2x2 Feet Square,Yes,6-April-2026,DISPATCHED,,4-Apr-26,MKM-HP-289,Website,"ETHAN BROWN
3507 NE 26th Ave
PORTLAND, OR 97212
United States",,e@zepln.com,"3507 NE 26th Ave
PORTLAND",OR,97212,United States,$22.10,BHUPENDRA,,,COTTON DHURRIE-MKM-HP-289-2x2 Feet Square,,
"UK VAT number, 370 6004 28","

Rug Stoppers included
",Top Urgent  ,RFMK-325,ETSY -MKM HOMES CRAFT,4018207629,"
Francesca",,31-March-2026,1,JUTE DHURRIE,2x4 Feet,No,8-April-2026,DISPATCHED,,14-Apr-26,MKM-NR-56C,Website,"Francesca Tyler
29 Morley Road
BRISTOL, BS3 1DT
United Kingdom",447387750343,frankie_soccer98@hotmail.com,Bristol,Bristol,BS3 1DT,United Kingdom,$78.00,BHUPENDRA,,,JUTE DHURRIE-MKM-NR-56C-2x4 Feet,,
"IOSS number, IM3720000224,","

Rug Stoppers included
",Top Urgent  ,RFMK-326,ETSY -MKM HOMES CRAFT,4016094614,"	
Rosemarie Hartmann",,31-March-2026,1,COTTON DHURRIE,2x4 Feet,No,8-April-2026,DISPATCHED,,9-Apr-26,MKM-JHGD-04,Website,"Rosemarie Hartmann
Hans-Ruf-Str. 2
83043 BAD AIBLING
Germany",,hartmannrosemarie1@gmail.com,BAD AIBLING,BAD AIBLING,83043,Germany,$54.15,BHUPENDRA,,,COTTON DHURRIE-MKM-JHGD-04-2x4 Feet,,
,"

Rug Stoppers included
",Top Urgent  ,RFMK-327,ETSY -MKM HOMES CRAFT,4020082483,"        
	
Angela Peterson",,1-April-2026,1,COTTON DHURRIE,2.6 x 20 Feet Runner,Yes,9-April-2026,DISPATCHED,,13-Apr-26,MKM-HGD-144-R,Website,"Angie MacKenzie
517 Bobcat St
FRUITLAND, ID 83619-1139
United States","
541.212.5945","        
angiepeterson84@gmail.com",Fruitland,ID,83619-1139,United States,$219.70,BHUPENDRA,,,COTTON DHURRIE-MKM-HGD-144-R-2.6 x 20 Feet Runner,,
,"

Rug Stoppers included
",Top Urgent  ,RFMK-328,ETSY -MKM HOMES CRAFT,4019886820,Andrea,,5-April-2026,1,COTTON DHURRIE,2.6 x 8 Feet Runner,Yes,10-April-2026,DISPATCHED,,13-Apr-26,MKM-STK-10C,Website,"Andrea Naranjo
2420 Cheyenne Way
MODESTO, CA 95356
United States",209499-9644,anaranjo@paloaltou.edu," Modesto,",CA,95356,United States,$87.75,BHUPENDRA,,,COTTON DHURRIE-MKM-STK-10C-2.6 x 8 Feet Runner,,
,"

Rug Stoppers included
",Top Urgent  ,RFMK-329,ETSY -MKM HOMES CRAFT,4026755202,Christele langard,,13-April-2026,1,COTTON DHURRIE,8 x 11 Feet,No,17-April-2026,DISPATCHED,,21-Apr-26,MKM-MR-18,Website,"Christele langard
Priest hill farm
Oak lane
ENGLEFIELD GREEN, Surrey TW20 0YU
United Kingdom",7540553315,christeleh@hotmail.com,Englefield Green,TW,TW20 0YU,United Kingdom,$370.50,BHUPENDRA,,,COTTON DHURRIE-MKM-MR-18-8 x 11 Feet,,
,"

Rug Stoppers included
",Top Urgent  ,RFMK-330,ETSY -MKM HOMES CRAFT,4029076753,"	
Carola",,13-April-2026,1,JUTE DHURRIE,3x3 Feet Round,Yes,17-April-2026,DISPATCHED,,21-Apr-26,MKM-VI-13D,Website,"Carola Kirr
Neandertalstraße 10
82194 GRÖBENZELL
Germany",0160-99006669,carola-gooss@hotmail.de,Neandertalstraße 10,Gröbenzell,82194,Germany,$81.12,BHUPENDRA,,,JUTE DHURRIE-MKM-VI-13D-3x3 Feet Round,,
,"

Rug Stoppers included
",Top Urgent  ,RFMK-331,ETSY -MKM HOMES CRAFT,4027718566,"	
Justice",,14-April-2026,1,JUTE DHURRIE,7x7 Feet Round,No,20-April-2026,DISPATCHED,,23-Apr-26,MKM-VI-83,Website,"Justice Woodworth
35 Med Tech Dr
APT 8
BATAVIA, NY 14020-9747
United States",5858021831,justice.woodworth@gmail.com,"35 Med Tech Dr
APT 8","Batavia,",14020-9747,United States,$281.45,BHUPENDRA,,,JUTE DHURRIE-MKM-VI-83-7x7 Feet Round,,
,"

Rug Stoppers included
",Top Urgent  ,RFMK-332,ETSY -MKM HOMES CRAFT,4028648740,"        
Neil Rowswell",,15-April-2026,1,CHINDI COTTON-JUTE DHURRIE,2x4 Feet,No,21-April-2026,DISPATCHED,,18-Apr-26,MKM-VI-69,Website,"Mrs A L Rowswell
12 The Causeway
ARUNDEL, West Sussex BN18 9JJ
United Kingdom",07748 188095,glass.man123@yahoo.co.uk,12 The Causeway,"Arundel, West Sussex",BN18 9JJ,United Kingdom,$73.63,BHUPENDRA,,,CHINDI COTTON-JUTE DHURRIE-MKM-VI-69-2x4 Feet,,
,"

Rug Stoppers included
",Top Urgent  ,RFMK-333,ETSY -MKM HOMES CRAFT,4031569840,"        
	
barbara paul",,18-April-2026,1,COTTON DHURRIE,3x3 Feet Square,No,24-April-2026,DISPATCHED,,27-Apr-26,MKM-HP-288,Website,"barbara paul
6333 Kyllenon Hill Rd
CLINTON, WA 98236-8633
United States",3609148384,paubaer@yahoo.com,6333 Kyllenon Hill Rd,Clinton,98236,United States,$49.40,BHUPENDRA,,,COTTON DHURRIE-MKM-HP-288-3x3 Feet Square,,
,"

Rug Stoppers included
",Top Urgent  ,RFMK-334,ETSY -MKM HOMES CRAFT,4041716557,"        
        
	
Helena",,23-April-2026,1,CHINDI-COTTON DHURRIE,5x7 Feet,No,30-April-2026,DISPATCHED,,2-May-26,MKM-NR-196,Website,"Helena De Boer
Bloemenzoom 131
8255 KN SWIFTERBANT
The Netherlands",31 6 51127840,helenaweterings@gmail.com,Bloemenzoom 131,"Swifterbant
The ",8255,NetherlandsSt,$232.75,BHUPENDRA,,,CHINDI-COTTON DHURRIE-MKM-NR-196-5x7 Feet,,
,"

Rug Stoppers included
",Top Urgent  ,RFMK-335,ETSY -MKM HOMES CRAFT,4039338054,"        
        
        
	
West Harris",,27-April-2026,1,CHINDI COTTON-JUTE DHURRIE,8x10 Feet ,No,5-May-2026,DISPATCHED,,6-May-26,MKM-VI-69,Website,"West Harris c/o southern comfort cabin
101 Fannin Industrial Park
BLUE RIDGE, GA 30513-4179
United States",6785926333,west@digitaltreetop.com,"Blue Ridge, ",GA,30513-4179,United States,$449.28,BHUPENDRA,,,CHINDI COTTON-JUTE DHURRIE-MKM-VI-69-8x10 Feet ,,
,"

Rug Stoppers included
",Top Urgent  ,RFMK-336,ETSY -MKM HOMES CRAFT,4043979977,Adie Bendickson,,27-April-2026,1,COTTON DHURRIE,4x6 Ft,No,4-May-2026,DISPATCHED,,6-May-26,MKM-MR-05,Website,"Adie Bendickson (for kitchen)
5500 Anderson Estates Rd
MAPLE PLAIN, MN 55359-9434
United States",16127103121,adriennejbendickson@gmail.com,Maple Plain,MN,55359-9434,United States,$100.75,BHUPENDRA,,,COTTON DHURRIE-MKM-MR-05-4x6 Ft,,
,"

Rug Stoppers included
","Please write Etsy’s UK VAT number, 370 6004 28, on",RFMK-337,ETSY -MKM HOMES CRAFT,4042155096,Christele langard,,29-April-2026,1,COTTON DHURRIE,5x7 Feet,No,4-May-2026,DISPATCHED,,6-May-26,MKM-MR-18,Website,"Christele langard
Priest hill farm
Oak lane
Englefield green, Surrey TW20 0YU
United Kingdom",7540553315,christeleh@hotmail.com,Englefield green,Surrey,TW20 0YU,United Kingdom,$149.50,Mayank Bhardwaj,,,COTTON DHURRIE-MKM-MR-18-5x7 Feet,,
,"

Rug Stoppers included
",Top Urgent  ,RFMK-338,ETSY -MKM HOMES CRAFT,4051688597,Muster Sabine,,3-May-2026,1,COTTON DHURRIE,4x7 Feet,Yes,8-May-2026,DISPATCHED,,9-May-26,MKM-HGD-107,Website,"Muster Sabine
Rue Fontaine-André 34
2000 Neuchatel
Switzerland",,sabinebruschweiler@yahoo.com,Neuchatel,Switzerland,342000,Switzerland,$117.00,Mayank Bhardwaj,,,COTTON DHURRIE-MKM-HGD-107-4x7 Feet,,
,"

Rug Stoppers included
",Top Urgent  ,RFMK-339,ETSY -MKM HOMES CRAFT,4056229823,Samuel Sasser,,7-May-2026,1,COTTON DHURRIE,2 x 8 Feet Runner,Yes,12-May-2026,DISPATCHED,,,MKM-HP-76,Website,"Samuel Sasser
13210 Largo Dr
Savannah, GA 31419-2808
United States",912 795-7246,info@untetheredwater.com,Savannah,GA,31419-2808,United States,$74.75,Mayank Bhardwaj,,,COTTON DHURRIE-MKM-HP-76-2 x 8 Feet Runner,,
IM3720000224,"

Rug Stoppers included
",Top Urgent  ,RFMK-340,ETSY -MKM HOMES CRAFT,4059156011,Florentine Faltin,,10-May-2026,1,COTTON DHURRIE,4 x 6 Feet,No,15-May-2026,DISPATCHED,,,MKM-MR-02,Website,"Florentine Faltin
Lerchenfelderstrasse 49/12
1070 WIEN
Austria",6763896388,floryfaltin@hotmail.com,Wien,Wien,1070,Austria,$100.75,Mayank Bhardwaj,,,COTTON DHURRIE-MKM-MR-02-4 x 6 Feet,,
,"

Rug Stoppers included
",Top Urgent  ,RFMK-341,ETSY -MKM HOMES CRAFT,4053492192,Oya Oflay,,10-May-2026,1,COTTON DHURRIE,3 x 5 Feet,No,15-May-2026,DISPATCHED,,,MKM-HGD-101,Website,"11 Lima Ct
Westmeadows VIC 3049
Australia",,oyalanma@yahoo.com,Westmeadows,VIC,3049,Australia,$64.35,Mayank Bhardwaj,,,COTTON DHURRIE-MKM-HGD-101-3 x 5 Feet,,
"UK VAT number, 370 6004 28","

Rug Stoppers included
",Top Urgent  ,RFMK-342,ETSY -MKM HOMES CRAFT,4058459267,"
IshMa Rose",,10-May-2026,1,COTTON DHURRIE,4 x 4 Feet Square,No,15-May-2026,DISPATCHED,,,MKM-HP-75B,Website,"emma kempton
2 FURSDON COTTAGES STAVERTON
TOTNES, Devon TQ9 6AJ
United Kingdom

",447739869936,emmakempton@googlemail.com,Totnes,Devon,TQ9 6AJ,United Kingdom,$71.50,Mayank Bhardwaj,,,COTTON DHURRIE-MKM-HP-75B-4 x 4 Feet Square,,
,"

Rug Stoppers included
",Top Urgent  ,RFMK-343,ETSY -MKM HOMES CRAFT,4055990442,Naida Henao,,13-May-2026,1,COTTON DHURRIE,2 x 4 Feet,No,18-May-2026,DISPATCHED,,,MKM-JHGD-02A,Website,"Naida Henao
10414 Old Camp Rd
NORTH CHESTERFIELD, VA 23235-3984
United States

",(312)447-1609,naihenao@gmail.com,North Chesterfield,Virginia (VA),23235-3984,United States,$45.50,Mayank Bhardwaj,,,COTTON DHURRIE-MKM-JHGD-02A-2 x 4 Feet,,
,"

Rug Stoppers included
",Top Urgent  ,RFMK-344,ETSY -MKM HOMES CRAFT,4056502714,Susan Watkins,,13-May-2026,1,COTTON DHURRIE,2 x 6 Feet Runner,Yes,18-May-2026,DISPATCHED,,,MKM-JHGD-04-2x6 Ft Runner,Website,"Susan Watkins
2916 Royce Way
SACRAMENTO, CA 95864-5651
United States",9167167704,susanjuline@gmail.com,Sacramento,California,23235-3984,United States,$85.00,Mayank Bhardwaj,,,COTTON DHURRIE-MKM-JHGD-04-2x6 Ft Runner-2 x 6 Feet Runner,,
UID VAT: CHE-373.086.513,"

Rug Stoppers included
",Top Urgent  ,RFMK-345,ETSY -MKM HOMES CRAFT,4060126836,Barbara Forman,,17-May-2026,1,COTTON DHURRIE,6 x 6 Feet Round,No,22-May-2026,DISPATCHED,,,MKM-STK-100,Website,"Barbara Forman
Neubadrain 3
4102 Binningen
Switzerland",41767780454,babsforman@gmail.com,Binningen,Basel-Landschaft,4102,Switzerland,$152.75,Mayank Bhardwaj,,,COTTON DHURRIE-MKM-STK-100-6 x 6 Feet Round,,
"UK VAT number, 370 6004 28","

Rug Stoppers included
",Top Urgent  ,RFMK-346,ETSY -MKM HOMES CRAFT,4065067913,Marilia Sciulli,,17-May-2026,1,JUTE DHURRIE,6 x 6 Feet Square,No,22-May-2026,DISPATCHED,,,MKM-STK-96,Website,"Marilia Sciulli
179 West Heath Road
Flat 4
London, NW3 7TT
United Kingdom",7827724840,mariliasciulli@me.com,London,England,3 7TT,United Kingdom,$152.75,Mayank Bhardwaj,,,JUTE DHURRIE-MKM-STK-96-6 x 6 Feet Square,,
,"

Rug Stoppers included
",Top Urgent  ,RFMK-347,ETSY -MKM HOMES CRAFT,4065177438,sukhi and jitu patel,,23-May-2026,1,COTTON DHURRIE,8 x 8 Feet Square,No,28-May-2026,DISPATCHED,,,MKM-HP-75B,Website,"13815 Inland Spring Ct
Houston, TX 77059-3536
United States",832 517-8341,ruchpat@gmail.com,Houston,Texas (TX),77059-3536,United States,$415.00,Mayank Bhardwaj,,,COTTON DHURRIE-MKM-HP-75B-8 x 8 Feet Square,,
"UK VAT number, 370 6004 28","

Rug Stoppers included
",Top Urgent  ,RFMK-348,ETSY -MKM HOMES CRAFT,4065360420,Vida Midgelow,,23-May-2026,1,COTTON DHURRIE,3.6 × 5.9 Feet,Yes,28-May-2026,DISPATCHED,,,MKM-JHGD-09,Website,"Vida Midgelow
26 Cleveland avenue
Draycott
DERBY, England DE72 3NR
United Kingdom",07813 600204,vidamidgelow@gmail.com,Draycott,Derby,DE72 3NR,United Kingdom,$138.00,Mayank Bhardwaj,,,COTTON DHURRIE-MKM-JHGD-09-3.6 × 5.9 Feet,,
,"

Rug Stoppers included
",Top Urgent  ,RFMK-349,ETSY -MKM HOMES CRAFT,4072012047,Rosa Underwood,,24-May-2026,1,JUTE DHURRIE,4 x 4 Feet Round,No,29-May-2026,DISPATCHED,,,MKM-VI-41C,Website,"Rosa Underwood
13103 Horned Lark Dr
CHARLOTTE, NC 28278
United States",704 400 6461,simplyrosa@aol.com,Charlotte,North Carolina,28278,United States,$127.92,Mayank Bhardwaj,,,JUTE DHURRIE-MKM-VI-41C-4 x 4 Feet Round,,
,"

Rug Stoppers included
",Top Urgent  ,RFMK-350,ETSY -MKM HOMES CRAFT,4074233678,Shelly Cunningham,,1-June-2026,1,JUTE DHURRIE,2 x 4 Feet,No,7-June-2026,DISPATCHED,,,MKM-VI-69,Website,"Shelly Cunningham
3838 Bristol Ave
KLAMATH FALLS, OR 97603
United States",5415398676,shllcunningham@gmail.com,Klamath Falls,Oregon,97603,United States,$73.63,Mayank Bhardwaj,,,JUTE DHURRIE-MKM-VI-69-2 x 4 Feet,,
,"

Rug Stoppers included
",Top Urgent  ,RFMK-351,ETSY -MKM HOMES CRAFT,4078402062,Darlene Sweet,,5-June-2026,1,COTTON DHURRIE,2 x 14 Feet Runner,No,10-June-2026,DISPATCHED,,,MKM-HP-256-R,Website,"Darlene Sweet
3003 Creekside Dr
SAN LEANDRO, CA 94578-4648
United States",5103298888,darsweetrose58@gmail.com,San Leandro,California (CA),94578-4648,United States,$118.30,Mayank Bhardwaj,,,COTTON DHURRIE-MKM-HP-256-R-2 x 14 Feet Runner,,
"UK VAT number, 370 6004 28","

Rug Stoppers included
",Top Urgent  ,RFMK-352,ETSY -MKM HOMES CRAFT,4082561027,Tracey Hopewell,,5-June-2026,1,COTTON DHURRIE,4 x 4 Feet Square,No,10-June-2026,DISPATCHED,,,MKM-HP-288-S,Website,"Tracey Hopewell
18 Lindsay Avenue
NEWARK, Nottinghamshire NG24 4LB
United Kingdom",7703 291693,ladytray1@hotmail.co.uk,Newark,Nottinghamshire,NG24 4LB,United Kingdom,$71.50,Mayank Bhardwaj,,,COTTON DHURRIE-MKM-HP-288-S-4 x 4 Feet Square,,
,"

Rug Stoppers included
",Top Urgent  ,RFMK-353,ETSY -MKM HOMES CRAFT,4083567428,David Murauskas,,10-June-2026,1,COTTON DHURRIE,6 x 6 Feet Square,No,15-June-2026,DISPATCHED,,,MKM-STK-110-6x6 feet,Website,"David Murauskas
612 W Wellington Ave
APT 1S
CHICAGO, IL 60657
United States",5187283757,murauskasd@gmail.com,Chicago,Illinois,60657,United States,$152.75,Mayank Bhardwaj,,,COTTON DHURRIE-MKM-STK-110-6x6 feet-6 x 6 Feet Square,,
,"

Rug Stoppers included
",Top Urgent  ,RFMK-354,ETSY -MKM HOMES CRAFT,4087644010,James Kurtzleben,,15-June-2026,1,JUTE DHURRIE,2 x 3 Feet,No,22-June-2026,DISPATCHED,,,MKM-NR-56C,Website,"James Kurtzleben
940 Willow Lane
LISBON, IA 52253
United States",3192701047,jkurtzleben@mchsi.com,Lisbon,Iowa,52253,United States,$64.27,Mayank Bhardwaj,,,JUTE DHURRIE-MKM-NR-56C-2 x 3 Feet,,
"IOSS number, IM3720000224","

Rug Stoppers included
",Top Urgent  ,RFMK-355,ETSY -MKM HOMES CRAFT,4092099795,Françoise FIGHIERA,,15-June-2026,1,JUTE DHURRIE,2 x 3 Feet,No,22-June-2026,DISPATCHED,,,MKM-NR-159,Website,"Françoise FIGHIERA
25 avenue de la Jetée, 83380 Les Issambres
BP 52
83380 LES ISSAMBRES
France",621227349,francoise.vivi@wanadoo.fr,Les Issambres,Provence-Alpes-Côte d'Azur,83380,France,$64.27,Mayank Bhardwaj,,,JUTE DHURRIE-MKM-NR-159-2 x 3 Feet,,
,"

Rug Stoppers included
",Top Urgent  ,RFMK-356,ETSY -MKM HOMES CRAFT,4089327488,Babs Forman,,16-June-2026,1,COTTON DHURRIE,8 x 8 Feet Round,No,23-June-2026,DISPATCHED,,,MKM-STK-100,Website,"Barbara Forman
Neubadrain 3
4102 Binningen
Switzerland",41767780454,babsforman@gmail.com,Binningen,Basel-Landschaft,4102,Switzerland,$269.75,Mayank Bhardwaj,,,COTTON DHURRIE-MKM-STK-100-8 x 8 Feet Round,,
,"

Rug Stoppers included
",Top Urgent  ,RFMK-357,ETSY -MKM HOMES CRAFT,4092997355,Kyle Colón,,17-June-2026,1,COTTON DHURRIE,5 x 8 Feet,Yes,21-June-2026,DISPATCHED,,,MKM-HGD-161B,Website,"Kyle Colón
572 E 26th St
# 4H
BROOKLYN, NY 11210-1358
United States",9143123209,kyle.colon19@gmail.com,Brooklyn,New York,11210-1358,United States,$260.00,Mayank Bhardwaj,,,COTTON DHURRIE-MKM-HGD-161B-5 x 8 Feet,,
,"

Rug Stoppers included
",Top Urgent  ,RFMK-358,ETSY -MKM HOMES CRAFT,4090919580,Justine Gadd,,17-June-2026,1,COTTON DHURRIE,2 x 6 Feet Runner,Yes,21-June-2026,DISPATCHED,,,MKM-STK-10C,Website,"Justine Gadd
58 Creamery Street
PLAINFIELD, VT 05667
United States",802-505-5517,roomarmot@gmail.com,Plainfield,Vermont (VT),05667,United States,$55.25,Mayank Bhardwaj,,,COTTON DHURRIE-MKM-STK-10C-2 x 6 Feet Runner,,
,"

Rug Stoppers included
",Top Urgent  ,RFMK-359,ETSY -MKM HOMES CRAFT,4099971949,Chelsea Oliverio,,25-June-2026,1,COTTON DHURRIE,2 x 4 Feet,Yes,1-July-2026,DISPATCHED,,,MKM-HP-148,Website,"Chelsea Oliverio
149 Pinecrest Ct
#5857
ELLIJAY, GA 30540-7136
United States",770-861-8697,cfoliverio@gmail.com,ELLIJAY,Georgia (GA),30540-7136,United States,$42.94,Mayank Bhardwaj,,,COTTON DHURRIE-MKM-HP-148-2 x 4 Feet,,
,"

Rug Stoppers included
",Top Urgent  ,RFMK-360,ETSY -MKM HOMES CRAFT,4102257435,Harald Hoogstrate,,29-June-2026,1,JUTE DHURRIE,2 x 12 Feet Runner,No,3-July-2026,DISPATCHED,,,MKM-NR-1033,Website,"Harald Hoogstrate
Ruysdaelstraat
26
7204 CD ZUTPHEN
The Netherlands",681909720,haraldhoogstrate@yahoo.com,Zutphen,CD,7204 .,Netherlands,$171.60,Mayank Bhardwaj,,,JUTE DHURRIE-MKM-NR-1033-2 x 12 Feet Runner,,
,"

Rug Stoppers included
",Top Urgent  ,RFMK-361,ETSY -MKM HOMES CRAFT,4102226805,Bailey Hayes,,29-June-2026,1,CHINDI COTTON-JUTE DHURRIE,3x3 Feet Round,No,3-July-2026,DISPATCHED,,,MKM-NR-177,Website,"Bailey Hayes
3426 Yale St
Houston, TX 77018-7743
United States",2819233019,baileygirl41@gmail.com,Houston,TX,77018-7743,United States,$81.25,Mayank Bhardwaj,,,CHINDI COTTON-JUTE DHURRIE-MKM-NR-177-3x3 Feet Round,,
,"

Rug Stoppers included
",Top Urgent  ,RFMK-362,ETSY -MKM HOMES CRAFT,4104540785,"
Alex Congi",,30-June-2026,1,CHINDI COTTON-JUTE DHURRIE,5 x 5 Feet Round,No,7-July-2026,DISPATCHED,,,MKM-NR-208,Website,"Alex Congi
509 Corbett Ave
SAN FRANCISCO, CA 94114
United States",14153507009,alexandra.congi@gmail.com,San Francisco,California (CA),94114,United States,$174.10,Mayank Bhardwaj,,,CHINDI COTTON-JUTE DHURRIE-MKM-NR-208-5 x 5 Feet Round,,
" IOSS number, IM3720000224","

Rug Stoppers included
",Top Urgent  ,RFMK-363,ETSY -MKM HOMES CRAFT,4112946756,Jann Vogel,,13-July-2026,1,COTTON DHURRIE,2 x 4 Feet,Yes,17-July-2026,DISPATCHED,,,MKM-JHGD-01,Website,"Jann Vogel
John-Schehr-Str. 29
17033 NEUBRANDENBURG
Germany",,Jann_Vogel@web.de,John-Schehr-Str. 29,Neubrandenburg,17033,Germany,$42.00,Vinay,,,COTTON DHURRIE-MKM-JHGD-01-2 x 4 Feet,,
,"

Rug Stoppers included
",Top Urgent  ,RFMK-364,ETSY -MKM HOMES CRAFT,4113431652,"
Sara Stangeland",,13-July-2026,1,JUTE DHURRIE,4 x 4 Feet Round,No,17-July-2026,DISPATCHED,,,MKM-VI-42,Website,"Sara Stangeland
2240 Notre Dame Blvd
APT 8
CHICO, CA 95928-6840
United States",5307746194,sara.stangeland76@gmail.com,Chico,California (CA),95928-6840,United States,$108.60,Vinay,,,JUTE DHURRIE-MKM-VI-42-4 x 4 Feet Round,,
,"

Rug Stoppers included
",Top Urgent  ,RFMK-365,ETSY -MKM HOMES CRAFT,4118711925,Donna S Smith,,17-July-2026,1,CHINDI-COTTON DHURRIE,4 x 4 Feet Round,No,23-July-2026,DISPATCHED,,,MKM-NR-122,Website,"Donna S Smith
17611 West College Drive
GOODYEAR, AZ 85395
United States",408 315-0546,Zabellabd@gmail.com,Goodyear,Arizona (AZ),85395,United States,$127.92,Vinay,,,CHINDI-COTTON DHURRIE-MKM-NR-122-4 x 4 Feet Round,,
,"

Rug Stoppers included
",Top Urgent  ,RFMK-366,ETSY -MKM HOMES CRAFT,4117441124,Nancy Poitras,,17-July-2026,1,JUTE DHURRIE,3x3 Feet Round,Yes,24-July-2026,DISPATCHED,,,MKM-NR-41,Website,"NANCY POITRAS
209 RUE LIÉBERT
VARENNES QC J3X 2J8
Canada",4384056996,nancy.poitras1978@gmail.com,Varennes,Quebec (QC),J3X 2J8,Canada,$69.00,Vinay,,,JUTE DHURRIE-MKM-NR-41-3x3 Feet Round,,
,"

Rug Stoppers included
",Top Urgent  ,RFMK-367,ETSY -MKM HOMES CRAFT,4119647835,Gabriella Rose Miller,,18-July-2026,1,JUTE DHURRIE,5 x 5 Feet Round,No,24-July-2026,DISPATCHED,,,MKM-VI-41C,Website,"Gabriella Rose Miller
415 3rd Ave
Woodruff, WI 54568
United States",715-892-4588,gabimiller08@gmail.com,Woodruff,Wisconsin (WI),54568,United States,$174.10,Vinay,,,JUTE DHURRIE-MKM-VI-41C-5 x 5 Feet Round,,
,"

Rug Stoppers included
",Top Urgent  ,RFMK-368,ETSY -MKM HOMES CRAFT,4125802376,Eleanor Cummins,,27-July-2026,1,COTTON DHURRIE,2 x 6 Feet Runner,No,31-July-2026,DISPATCHED,,,MKM-HP-118,Website,"Eleanor Cummins
55 Willoughby
8A
BROOKLYN, NY 11201
United States",5095915859,eawmc96@gmail.com,Brooklyn,New York (NY),11201,United States,$51.00,Vinay,,,COTTON DHURRIE-MKM-HP-118-2 x 6 Feet Runner,,
,"

Rug Stoppers included
",Top Urgent  ,RFMK-369,ETSY -MKM HOMES CRAFT,4130932725,Jennifer Parks,,31-July-2026,1,COTTON DHURRIE,2 x 10 Feet Runner,No,6-August-2026,DISPATCHED,,,MKM-STK-10C,Website,"Jennifer Parks
496 Saint Clair St
GROSSE POINTE, MI 48230-1504
United States",313-300-5489 ,parksjen4@gmail.com,Grosse Pointe,Michigan (MI),48230-1504,United States,$91.00,Vinay,,,COTTON DHURRIE-MKM-STK-10C-2 x 10 Feet Runner,,
,"

Rug Stoppers included
",Top Urgent  ,RFMK-370,ETSY -MKM HOMES CRAFT,4143430377,Justine Gallagher,,13-August-2026,1,COTTON DHURRIE,2 x 8 Feet Runner,No,20-August-2026,DISPATCHED,,,MKM-STK-10,Website,"JUSTINE GALLAGHER
13 WALDEN PARK SE
CALGARY AB T2X 0Z1
Canada",4037030224,justine_eisnor@hotmail.com,Calgary,Alberta (AB),T2X 0Z1,Canada,$74.75,Vinay,,,COTTON DHURRIE-MKM-STK-10-2 x 8 Feet Runner,,
,"

Rug Stoppers included
",Top Urgent  ,RFMK-371,ETSY -MKM HOMES CRAFT,4143514901,Mia Humber,,13-August-2026,1,COTTON DHURRIE,4 x 20 Feet Runner,No,20-August-2026,PROCESSING,,,MKM-STK-36,Website,"Mia Humber
78 Ridge St
3i
NEW YORK, NY 10002
United States",2623894770,info@miavesper.com,New York,New York (NY),10002,United States,$312.00,Vinay,,,COTTON DHURRIE-MKM-STK-36-4 x 20 Feet Runner,,
,"

Rug Stoppers included
",Top Urgent  ,RFMK-372,ETSY -MKM HOMES CRAFT,4143542884,Mia Humber,,14-August-2026,1,COTTON DHURRIE,6x9 Feet,No,20-August-2026,PROCESSING,,,MKM-STK-10,Website,"Mia Humber
78 Ridge St
3i
NEW YORK, NY 10002
United States",2623894770,info@miavesper.com,New York,New York (NY),10002,United States,$227.50,Vinay,,,COTTON DHURRIE-MKM-STK-10-6x9 Feet,,
,"

Rug Stoppers included
",Top Urgent  ,RFMK-373,ETSY -MKM HOMES CRAFT,4144330003,Paula Joy Normington,,14-August-2026,1,HANDTUFFTED WOOL,2x3 Feet,No,21-August-2026,PROCESSING,,,MKM-HT-018,Website,"Paula Joy Normington
2748 Tunnel Street
PLACERVILLE, CA 95667
United States",(916) 500-3430,normipj@gmail.com,Placerville,California (CA),95667,United States,$91.40,Vinay,,,HANDTUFFTED WOOL-MKM-HT-018-2x3 Feet,,
,"

Rug Stoppers included
",Top Urgent  ,RFMK-374,ETSY -MKM HOMES CRAFT,4145703611,Michele Spector,,17-August-2026,1,COTTON DHURRIE,3.5x8 Feet,No,21-August-2026,PROCESSING,,,MKM-STK-10C,Website,"MICHELE SPECTOR
6 HUDSON DRIVE (NOT HUDSON PLACE)
GREENS ROAD AND OAKHILL DRIVE
BRANTFORD ON N3T 0V6
Canada",519 820 0620,michelespector40@gmail.com,Brantford,Ontario (ON),N3T 0V6,Canada,$126.00,Vinay,,,COTTON DHURRIE-MKM-STK-10C-3.5x8 Feet,,
,"

Rug Stoppers included
",Top Urgent  ,RFMK-375,ETSY -MKM HOMES CRAFT,4145735793,Mia Humber,,17-August-2026,1,COTTON DHURRIE,8 x 12 Feet,No,21-August-2026,PROCESSING,,,MKM-STK-36,Website,"Mia Humber
78 Ridge St
3i
NEW YORK, NY 10002
United States",2623894770,info@miavesper.com,New York,New York (NY),10002,United States,$404.30,Vinay,,,COTTON DHURRIE-MKM-STK-36-8 x 12 Feet,,
,"

Rug Stoppers included
",Top Urgent  ,RFMK-376,ETSY -MKM HOMES CRAFT,4152169715,Alyson Smith,,24-August-2026,1,HANDTUFFTED WOOL,4 x 7 feet,No,31-August-2026,PROCESSING,,,MKM-HT-035,Website,,,,,,,,$261.26,Vinay,,,HANDTUFFTED WOOL-MKM-HT-035-4 x 7 feet,,