1,https://script.google.com/macros/s/AKfycbygZ8mSKw3ryWrElLzAsCLeTFC8mV04JK_vu4T5kiVsKRee8fHwtmbwuzzyRzt3MnElyw/exec,PURCHASE Order,,https://script.google.com/macros/s/AKfycbyAuVNsBaoNfbLFZkZTjzvQQTXJnTeQRzWMzf9zSEeZlGuXfoOY4tDuuHGlf0XExCQd/exec,https://script.google.com/macros/s/AKfycbyI_f9x3gMAoWevErSkTJb4XOS403TF4LeRnEPUt9o4tApLajKtbI1ATnZwsG9TEoHU/exec,,,,,,,,,,
2,,PURCHASE RETURN,,https://script.google.com/macros/s/AKfycbwODyHKWtDC14dqfAzju7en2x81zC1DWJfSFNUZsUeEMbZEUMj9NhJDfxPnaiFzcZ3Q/exec,,,,,https://script.google.com/macros/s/AKfycbyMgwtaDtqDCwc1iny17maAiDLccP_6bbIJb8ZvclrtEYqGHuY8dvvzztaxtyn4IrfH/exec,,,,,,ISSUE
3,,SALES,,https://script.google.com/macros/s/AKfycbw7_bTKGw0_SU6hRfyXom1ctAUC8nvtXC_qRytDrDAZ8R3eJ--GUfzMx0A9ojbvwesm/exec,,,https://script.google.com/macros/s/AKfycbxIqz3R7fv8keHTEVC_o4flVW8xnbpsQYWite7JxUPT66b6qEIYPQXp7l9HSrUdVLw/exec,https://script.google.com/macros/s/AKfycbzfP-TijJnMU-vwwST3agMauPvtk7j4ozg0jjKiEtT0i3nZJk45DA1hxPKT3bZ9VqZM/exec,https://script.google.com/macros/s/AKfycby0QcodQXyxHeezKWuHQKk4XcR-nq16TgI3VaLnQRBHfb5cc3Eyzq5uXsp3mjNQwBIQ/exec,,,,,,
4,,CUTTING,https://script.google.com/macros/s/AKfycbyfkd5wddH0gYCCuCiq17vtMUMmX6hRFvtDYTn02L_wHr13N00JevCPWqmkqDO37cco/exec,https://script.google.com/macros/s/AKfycbwXO-Em2Ow7sMVlLKQQYSeon_lIEqCcNWNYFwuw0nenuNOiwR4Gec4t5pVpcxDtfKft/exec,,,,,https://script.google.com/macros/s/AKfycbzRaNP9A_OEU0JfF3cxWLDi3sJairqOz5b39fzWZh0WKoZoEfTRpDh7-sVegr1NtFoU/exec,,,,,,102 Purchase goods receipt
5,,JOB ISSUE ,https://script.google.com/macros/s/AKfycbxgSj7TR603IrU3DQa0nzqn0S17EOmOCxhe_H7VoU2L_cY5lm1rkbFsrW7FSlE3TdZpMA/exec,https://script.google.com/macros/s/AKfycbxhj0w5dNKe90VlBnGF4LDUtQSI2i4B5PES_n_QgHjltCCYyO53_6LFQHcbL8syza_X/exec,,,,,https://script.google.com/macros/s/AKfycbz29d19Mze1gBWK0iMPCLJgImY38jwRGiNJDbp3aGQ7GKDfxT2behcWCRgl-jKMKQg1/exec,,,,,,Cutting
6,,JOB RECEIVE,https://script.google.com/macros/s/AKfycbxp39fUXvIC6UtbfYPImBJda5cCAMZNGezZj-JYb_Jd45QWHbEVD_r9k_NHYpG1GhkC_A/exec,https://script.google.com/macros/s/AKfycbyWbgtiiZqE1H0PIUB5TjYkmIAdwV4Yflfrkt1CR3osB46HbHIO66BRelKOPzqt7uug/exec,,,,,https://script.google.com/macros/s/AKfycbzGwzWnr_f207AjGl0q4F3A5lRZ2tSQN0nOKeVuBe5gN5pOgb-OgDSW-hO63fDdHH_Q/exec,,,,,,to pass
7,,SALES ORDER,,https://script.google.com/macros/s/AKfycbzA6cyeS_GTMzMsnYOKn5x8qjpFJtVD0qqbF6kg6SN8rk4f8w7UAf-I35rF7xCpX0S4/exec,,,,,https://script.google.com/macros/s/AKfycbwm-EtW2kck11JuPG-5NJnYYVavfeXaMs3vIwyLBCHd9s68W6_2PlEkiER_8DVPlz4b/exec,,,,,,buyer
8,,APPROVAL ISSUE,,,,,,,https://script.google.com/macros/s/AKfycbzIWjY1ZtOkR_vUV32P9vjNEKUXp21T9sqbC6oEmciMh04rDVwA_Gy11PuywBT_EFhE/exec,,,,,,production
9,,APPROVAL  RECEIVE,,,,,,,https://script.google.com/macros/s/AKfycbyUlTqH_i_RX2G7XTKWO_jjOFQoFo1rZh4i5leW6AaeZNaMWUhfMobrTCjkghvaj7Sz/exec,,,,,,Invoice
10,,BANK PAYMENT ,,https://script.google.com/macros/s/AKfycbwP5OIYXRcsiumVmCHL674qR56lPwtKGesgD3zU_Vvag-GQXU6nZWew4BcyqSWQIS1Y/exec,,,,,https://script.google.com/macros/s/AKfycbzSRkRZFsAKtsRq3l6xMbGznymTMCRXnkufmRJpSj2g0C8cSRyX7iu-RAId4-3LkhXU/exec,,,,,,Sale Delivery Challan
11,,Bank Receipt,,,,,,,https://script.google.com/macros/s/AKfycbw7pWrS5l1EBXduxEq2nLxt3lcOuUAhOsZLccUEXl8ejSaVDi7Qchik8uWrqsD03R9q/exec,,,,,,Shipping
12,,Sale Delivery ,,https://script.google.com/macros/s/AKfycbwxTK8RzRVjYNhMPjQBLqDyLCp4zv56oS5RAkg8BtAAixR6BTaqkkDABVB_ozA5JbeY/exec,,,,,https://script.google.com/macros/s/AKfycbw5OlFx0gB0jbuKC9Bav691yR4vsjyAN-TY5HWn0HbMdj13SjYDCeUKKb_5eJ39xBMXPw/exec,,,,,,PO
13,,sales return,,,,,,,https://script.google.com/macros/s/AKfycbwQbak-i7DTHF8Xy5HfMqLJvik4LzGuVJurz3t-okEblZTfRd1it7ZoFO7V4dPsZUas_w/exec,,,,,,SALES ORDER BY NUMBER
14,,Payment Receipt,,,,,,,,,,,,,
15,,Purchase Goods Receipt,,https://script.google.com/macros/s/AKfycbytiMInoHmE-KuYTN_2wAKaeTFFIqPtXFf44_LVGv-kTminkFOJi5-8WUK7reMkUEj6/exec,,,,,,,,,,,
16,,BILLS TO Recieve,,https://script.google.com/macros/s/AKfycby0QcodQXyxHeezKWuHQKk4XcR-nq16TgI3VaLnQRBHfb5cc3Eyzq5uXsp3mjNQwBIQ/exec,https://script.google.com/macros/s/AKfycbzOfDOc1RsHOB5benfsQNGeso9Fddq1207ZsIDQe98NUTRNzcfRHVW72xkdr_M7YODB/exec,,,,,,,,,,
17,1SVvZnv8yphJNJp_qNKZdkB-WByslByjeRPM0_0oLQuE,JOBWORK BILLS To Check,,https://script.google.com/macros/s/AKfycbwcMaTs2O05QKRSiO7ripkINhDvMopi63lilbtK18V_MwEDkyYGKUl47t2t_fzf-QOx/exec,,,,,,,,,,,
18,12Y_3CXMJgBsm68sdA_YpVxqgjdDvP5kcQ0SR66HWupc,Purchase Bills To Check,,https://script.google.com/macros/s/AKfycbziEXQmXQYkx02SlQVWLK71b380BE3AsnoyUpYSX7pfAsz0AtQKEIxlVfZG9zN3vaby/exec,,,,,,,,,,,
19,,Other Expenses Bills to check,,https://script.google.com/macros/s/AKfycbxHS4d-uoZlmEbRAjH5Re3Bzih9wp_Lc3KizRrf7Q1GAXbElxZnjQ1BYCjXu7YLsToK/exec,,,,,,,,,,,
20,,Periodical Bills To Check,,https://script.google.com/macros/s/AKfycbxlmLkSL0Ja7jVVRh_x3FwCQWTA8ifaZtEKRvSeBkUpOEBTiKa6M_Rm4ZM-gWLAz_uN/exec,,,,,,,,,,,
21,,,,https://script.google.com/macros/s/AKfycbx4kpQm6omjQTeLiGyigbIqaoQ8BaxOlybBmE2DvpZOrN8mRngvF9mWQwVZMypwG4Rj/exec,,,,,,,,,,,
22,,JOBWORK BILLS To Pass,,https://script.google.com/macros/s/AKfycbzm-jV3TDsKDI54x6kdSK5wbf6YdLCb3QPWz4AT89-dHPh2NGOlLUPHNs7LaG71LgO0/exec,,,,,,,,,,,
23,,Purchase Bills To Pass,,https://script.google.com/macros/s/AKfycbwoCGFHDaVRnSdPXAL4mv-47Yq8YsSTO7i-nL8NDhjqjJ3kHhTQyRSIEhmn9jw2GxU/exec,,,,,,,,,,,
24,,Shipping Bills To Check,,https://script.google.com/macros/s/AKfycbxHS4d-uoZlmEbRAjH5Re3Bzih9wp_Lc3KizRrf7Q1GAXbElxZnjQ1BYCjXu7YLsToK/exec,,,,,,,,,,,
25,,Periodical Bills To Pass,,https://script.google.com/macros/s/AKfycbxlmLkSL0Ja7jVVRh_x3FwCQWTA8ifaZtEKRvSeBkUpOEBTiKa6M_Rm4ZM-gWLAz_uN/exec,,,,,,,,,,,
26,,Shipping Bills To Pass,,https://script.google.com/macros/s/AKfycbx4kpQm6omjQTeLiGyigbIqaoQ8BaxOlybBmE2DvpZOrN8mRngvF9mWQwVZMypwG4Rj/exec,,,,,,,,,,,
27,,JOB RECEIPT WITH CUTTING,,https://script.google.com/macros/s/AKfycbwXvZOWeXHPGKbOMLjpLwJFHd4X5BxDZ_OFuHE092DMqmdSVE12O69v0jOdPusKTGMr/exec,,,,,,,,,,,
28,,CUTTING REPORT,,https://script.google.com/macros/s/AKfycbz2BRDhkb4iPbZmgLL05-HgsPIxIPvE8PYQcF2lu5TthQjWu4ZtjFLTYfp9Hy4AL4Cg/exec,,,,,,,,,,,
29,,JOBWORK REPORT,https://script.google.com/macros/s/AKfycbx0U606qDqcQJyyTMEVviBZ6WMOkUN1_N9O_LxDr6HDb12MM0yjv7RAwiSDUWWYhs7V/exec,https://script.google.com/macros/s/AKfycbwRpdLhGPMSAadOXR062inB9ilfVknV-Af9iD28UdUF4tj0kZuaymVZEPt9X39ubH1O/exec,https://script.google.com/macros/s/AKfycbynxTRMKdqJIROijWt7pSJPSCYZOz5aRN6aJ_wYvPg7MyzhGdply4q8_D5qdTkQplzW/exec,,,,,,,,,,
30,,STOCK DETAILS,,https://script.google.com/macros/s/AKfycbxe-ZX4hJFxgjY6lplKUo0xaCEuowEVhurHGUmITNujqeiWUW9Yi27--aW1WFzYY8gS/exec,https://script.google.com/macros/s/AKfycbxe-ZX4hJFxgjY6lplKUo0xaCEuowEVhurHGUmITNujqeiWUW9Yi27--aW1WFzYY8gS/exec,,,,,,,,,,
31,,Bill Report,,https://script.google.com/macros/s/AKfycbz6HplToN8RR5sEn_gvzGE7n-M4sB5zfk4jYWHrf6prfg9e5w_G2L1KmbcXQCd1OyUE/exec,,,,,,,,,,,
32,,New Item Creation,,https://script.google.com/macros/s/AKfycbxPfp_APsVwjVrWH1rRPbZBF1YU-qRv_6-fOvgSCjfalUXMNXlrm-NL2GPHusXnog5f/exec,,,,,,,,,,,
33,,New Party Creation,,https://script.google.com/macros/s/AKfycbzJ5I57Ssfp0rOgNE-VUlBvYNpXDWXqkg1ELOingq52JwhTqF_V-bS3USsRs0EDR0eu/exec,,,,,,,,,,,
34,,SALES ORDER TO PURCHASE AND JOB WORK,,https://script.google.com/macros/s/AKfycbyym2UWul_q8N89iJJz-3oDWzsi6E3GsTjJtpPeyCwsVt7SegRyR1kePgLa0k67d-py/exec,https://script.google.com/macros/s/AKfycbyE9dG3es-yOxmY-sxfM7IquANqve9-lXGNhziNz73sk8aw3sK7Z8VfsGRVYE_mJRu7/exec,,,,,,,,,,
35,,EXTRA JOB WORK,,https://script.google.com/macros/s/AKfycbzlcPAWVyVPhb1zk4WKH2ce_ailkqVyXsmx2jXbqlbaOxNH_ceDTtx9hyokcfhkrKc/exec,,,,,,,,,,,
36,,Items to be Purchased,https://script.google.com/macros/s/AKfycbzskls4ydh5ePoe7YlypQPq158ovKv-JtQiC4p6HzDi3J9uW6Y5w2aw-Yac-vdr-yU_/exec,https://script.google.com/macros/s/AKfycbwm5DCqr39gISyR9Tc_HJoKDqtSzwB4E9eCg_BACSa2JUuecqYf_4R1LSTrnjaVyM1f/exec,https://script.google.com/macros/s/AKfycbzipH7gZH9MPjelUrDAy_KmT9sgKW2BS4EvoYYouZINvwpYaeWqF64ZXlVFcF_brjhm/exec,https://script.google.com/macros/s/AKfycbzskls4ydh5ePoe7YlypQPq158ovKv-JtQiC4p6HzDi3J9uW6Y5w2aw-Yac-vdr-yU_/exec,,,,,,,,,
37,Daily Entries,Purchased goods to Receive,,https://script.google.com/macros/s/AKfycbytPI4WoZPre9qoAwNbsALxLU1ZSSOaUNRoR57K2nMfZ8tcb4E2tPR44VOWGbuGURhpYQ/exec,https://script.google.com/macros/s/AKfycbxkmin6248Qq7v7pUMPu9UGjDImXF48fLQrqpeNagpdYIpUg3tX4vNHLXLw8V9Zwww3ig/exec,,,,,,,,,,
38,,Items to Issued by production,,https://script.google.com/macros/s/AKfycbzBlaFTXKYZwp0hKIHyQn-CIIXXrTVs9T3-FIcpg_afXIIv1WaJ43v0lm3maS66ezkwCw/exec,,,,,,,,,,,
39,,Items to Receive,https://script.google.com/macros/s/AKfycbx3Td3gKXT-N0ZWYIy2PzifIYHxN8cHIGM-OjPOP6KaZ3fo0J-F5MKZUreVpiyUEzHF/exec,https://script.google.com/macros/s/AKfycbx3Td3gKXT-N0ZWYIy2PzifIYHxN8cHIGM-OjPOP6KaZ3fo0J-F5MKZUreVpiyUEzHF/exec,,,,,,,,,,,
40,,Receive converted form,,https://script.google.com/macros/s/AKfycbzMf20oTLILnL_j3K3SXsqD6WtRPcWyEItugBySklBnFBjqWOeKEmBs3dnjIjBKRcTy/exec,,,,,,,,,,,
41,BILLS TO RECEIVE,,22,https://script.google.com/macros/s/AKfycbxIqz3R7fv8keHTEVC_o4flVW8xnbpsQYWite7JxUPT66b6qEIYPQXp7l9HSrUdVLw/exec,https://script.google.com/macros/s/AKfycbzPiMsmNezWV6s3l87Ab3oP3EMKeZwqeyRan8GUMa5ARKVg_xm5o8zYEE2513GGDVTjyA/exec,https://script.google.com/macros/s/AKfycbwAa7haRisoKzLTRz9hXKaH9vNpZsSI1CV-XpxHINBY2SYwmz0P1V-IXsRuCBJ1sU9L/exec,,,,,,,,,
42,PURCHASE BILL TO PASS,,,,https://script.google.com/macros/s/AKfycbwnOvgIwSyyfnAmwXqagKdClQKlgRb58hBZ7kuyEdA0PImZpIJ2mCqghDkgApF9mjM2/exec,,,,,,,,,,
43,JOBWORK BILL TO PASS,,,,https://script.google.com/macros/s/AKfycbzgyPg4BlrJgvAB4FRlOYc1MAo0PIUsf4hQrcGCqvpjmucrEH5v-IB79MfOWuHukN9f/exec,,,,,,,,,,
44,REQUIREMENT SHEET,,,https://script.google.com/macros/s/AKfycbyzeRRNds7C7tDoh_nBCCsGJtFEP7a6slFVq9MJ7nla8FgMv9fzJM3t4_evkLIGKjQjfw/exec,https://script.google.com/macros/s/AKfycbwUols0lvEUVuPSaOs0L7graHWGR4nCxPICQHey-lH1ngwT3IcuyB1Np_uHGTY5w8mQ/exec,https://script.google.com/macros/s/AKfycbzx41Xif_2UHAPYuDm1cgouFqoi1Y3rEQBGcbNAGzpQYcYr7bK4aAUWFbKGLuEeXI_-/exec,,,,,,,,,
45,INTERNAL ISSUE,,,https://script.google.com/macros/s/AKfycbwIItTqjFf5udLFlj5vZ5Ht4YAJp5HLxUse20v5D3igsEbXG60kdsAF6179tUYlJo9o/exec,,,,,,,,,,,
46,Shipping Bills To Receive,,,,https://script.google.com/macros/s/AKfycbxgSPYQ2nbZ20WhaKNWLrE_2GBahFS7oN5JC3G3sbv7WZHfz8JqqrycAf5cfhTobbdk/exec,,,,,,,,,,
47,GOODS TO DISPATCH,,,https://script.google.com/macros/s/AKfycbwuqR2sm_nU0ygbSMSZxIRQvab7qMEqjG0JLM2K7C-_3Z2r4-hi1P9jIxeUPmpbHIdS/exec,,,,,,,,,,,
48,BILL,https://script.google.com/macros/s/AKfycbwxlZL6DpO3Xr9UbYYbnbnwQbBz8o9SpbbtJaZVjoMHyfKTwmeYoqCsXxNQitxfxzn_/exec, ,https://script.google.com/macros/s/AKfycbw8mntlKXJTXF_84oJ3tNETr0ZnysQlqKpG6DbtsHSijj3sPr9zWW34HqZ4L6oupnhTrQ/exec,https://script.google.com/macros/s/AKfycbzDx6_A9Yc22Sx8HeuIKgzBm7WxRHLVww4rPDOdSCDnjYC_eCU-0za6YegvTX09euTugg/exec,https://script.google.com/macros/s/AKfycbyoJwR_9Gh1draC9XmG2Stb9a_pCpj9RztU9PenYHXeZgK0LiQevBZS7VQCk2-Ni2G0/exec,https://script.google.com/macros/s/AKfycbyoJwR_9Gh1draC9XmG2Stb9a_pCpj9RztU9PenYHXeZgK0LiQevBZS7VQCk2-Ni2G0/exec,,,,,,,,
49,STOCK ORDER,,,https://script.google.com/macros/s/AKfycbxwM3qEH1bMxg-VjGdC8S3p_A3wq9jKL-m9tij9vfFQF9r3uT8sg6y38cLoOXozg0W8/exec,,,,,,,,,,,
50,GLOBAL,,,https://script.google.com/macros/s/AKfycbyJ4BFjBQGTH-_BFV1ep5_aeaacVIfE4jom13cbNO-EucMzxLjg2N5ugH3izAqubZ0I/exec,,,,,,,,,,,
51,,,,,,,,,,,,,,,
52,INVOICE,,,https://script.google.com/macros/s/AKfycbyJa9HmD2Il4Jnqy8-J-dgZt-E-5BfeDLt0zEYK50OoygSm1xybAoM9WBJNg1up9S5u/exec,,,,,,,,,,,
53,BILL STATUS,,,https://script.google.com/macros/s/AKfycbwxlZL6DpO3Xr9UbYYbnbnwQbBz8o9SpbbtJaZVjoMHyfKTwmeYoqCsXxNQitxfxzn_/exec,,,,,,,,,,,
54,,,,,,,,,,,,,,,
55,,,,,,,,,,,,,,,N
56,,,,,,,,,,,,,,,
57,,,,,,,,,,,,,,,
58,,,,,,,,,,,,,,,
59,,,,,,,,,,,,,,,
60,,,,,,,,,,,,,,,
61,,,,,,,,,,,,,,,
62,,,,,,,,,,,,,,,
63,,,,,,,,,,,,,,,
64,,,,,,,,,,,,,,,
65,,,,,,,,,,,,,,,
66,,,,,,,,,,,,,,,
67,,,,,,,,,,,,,,,
68,,,,,,,,,,,,,,,
69,,,,,,,,,,,,,,,
70,,,,,,,,,,,,,,,
71,,,,,,,,,,,,,,,
72,,,,,,,,,,,,,,,
73,,,,,,,,,,,,,,,
74,,,,,,,,,,,,,,,
75,,,,,,,,,,,,,,,
76,,,,,,,,,,,,,,,
77,,,,,,,,,,,,,,,
78,,,,,,,,,,,,,,,
79,,,,,,,,,,,,,,,
80,,,,,,,,,,,,,,,
81,,,,,,,,,,,,,,,
82,,,,,,,,,,,,,,,
83,,,,,,,,,,,,,,,
84,,,,,,,,,,,,,,,
85,,,,,,,,,,,,,,,
86,,,,,,,,,,,,,,,
87,,,,,,,,,,,,,,,
88,,,,,,,,,,,,,,,
89,,,,,,,,,,,,,,,
90,,,,,,,,,,,,,,,
91,,,,,,,,,,,,,,,
92,,,,,,,,,,,,,,,
93,,,,,,,,,,,,,,,
94,,,,,,,,,,,,,,,
95,,,,,,,,,,,,,,,
96,,,,,,,,,,,,,,,
97,,,,,,,,,,,,,,,
98,,,,,,,,,,,,,,,
99,,,,,,,,,,,,,,,
100,,,,,,,,,,,,,,,
101,,,,,,,,,,,,,,,
102,,,,,,,,,,,,,,,
103,,,,,,,,,,,,,,,
104,,,,,,,,,,,,,,,
105,,,,,,,,,,,,,,,
106,,,,,,,,,,,,,,,
107,,,,,,,,,,,,,,,
108,,,,,,,,,,,,,,,
109,,,,,,,,,,,,,,,
110,,,,,,,,,,,,,,,
111,,,,,,,,,,,,,,,
112,,,,,,,,,,,,,,,
113,,,,,,,,,,,,,,,
114,,,,,,,,,,,,,,,
115,,,,,,,,,,,,,,,
116,,,,,,,,,,,,,,,
117,,,,,,,,,,,,,,,
118,,,,,,,,,,,,,,,
119,,,,,,,,,,,,,,,
120,,,,,,,,,,,,,,,
121,,,,,,,,,,,,,,,
122,,,,,,,,,,,,,,,
123,,,,,,,,,,,,,,,
124,,,,,,,,,,,,,,,
125,,,,,,,,,,,,,,,
126,,,,,,,,,,,,,,,
127,,,,,,,,,,,,,,,
128,,,,,,,,,,,,,,,
129,,,,,,,,,,,,,,,
130,,,,,,,,,,,,,,,
131,,,,,,,,,,,,,,,
132,,,,,,,,,,,,,,,
133,,,,,,,,,,,,,,,
134,,,,,,,,,,,,,,,
135,,,,,,,,,,,,,,,
136,,,,,,,,,,,,,,,
137,,,,,,,,,,,,,,,
138,,,,,,,,,,,,,,,
139,,,,,,,,,,,,,,,
140,,,,,,,,,,,,,,,
141,,,,,,,,,,,,,,,
142,,,,,,,,,,,,,,,
143,,,,,,,,,,,,,,,
144,,,,,,,,,,,,,,,
145,,,,,,,,,,,,,,,
146,,,,,,,,,,,,,,,
147,,,,,,,,,,,,,,,
148,,,,,,,,,,,,,,,
149,,,,,,,,,,,,,,,
150,,,,,,,,,,,,,,,
151,,,,,,,,,,,,,,,
152,,,,,,,,,,,,,,,
153,,,,,,,,,,,,,,,
154,,,,,,,,,,,,,,,
155,,,,,,,,,,,,,,,
156,,,,,,,,,,,,,,,
157,,,,,,,,,,,,,,,
158,,,,,,,,,,,,,,,
159,,,,,,,,,,,,,,,
160,,,,,,,,,,,,,,,
161,,,,,,,,,,,,,,,
162,,,,,,,,,,,,,,,
163,,,,,,,,,,,,,,,
164,,,,,,,,,,,,,,,
165,,,,,,,,,,,,,,,
166,,,,,,,,,,,,,,,
167,,,,,,,,,,,,,,,
168,,,,,,,,,,,,,,,
169,,,,,,,,,,,,,,,
170,,,,,,,,,,,,,,,
171,,,,,,,,,,,,,,,
172,,,,,,,,,,,,,,,
173,,,,,,,,,,,,,,,
174,,,,,,,,,,,,,,,
175,,,,,,,,,,,,,,,
176,,,,,,,,,,,,,,,
177,,,,,,,,,,,,,,,